Agama,Agama
Agma,Agama
Agama-Kriyaa,Agama-Kriyaa
Agama-kriyaa,Agama-kriyaa
Agama-Prayoga,Agama-Prayoga
Agama-Vidyaa,Agama-Vidyaa
Bhagawad-Gita,Gita
Gita,Gita
Itihasa,Itihasa
Jyotisha,Jyotisha
Kaavya,Kaavya
Kavya,Kaavya
Kalpa,Kalpa
Kriyaa-Prayoga,Kriyaa-Prayoga
Kriyaa-prayoga,Kriyaa-Prayoga
Mahabharata,Mahabharata
Mahapuraana,Mahapuraana
Mantra,Mantra
Nighantu,Nighantu
Paddhati,Paddhati
Padma-Puraana,Padma-Puraana
Prayoga,Prayoga
Pujaa,Pujaa
Puraana,Puraana
Raamaayana,Ramayana
Ramayana,Ramayana
Saivaagama,Saivaagama
Saivaagama--Nibandha,Saivaagama
Saivaagama-Paddhati,Saivaagama
Saivaagama-Prayoga,Saivaagama
Saivasiddhaanta,Saivasiddhaanta
Saiva-Siddhaanta,Saivasiddhaanta
Saiva-Siddhanta,Saivasiddhaanta
Saiva-Siddhantam,Saivasiddhaanta
Shaiva,Shaiva-Agama
Shaiva-Agama,Shaiva-Agama
Shaivagama,Shaiva-Agama
Shaiva-Siddhanta,Shaiva-Agama
Shiava-Agama,Shaiva-Agama
Sakta-Agama,Shakta-Agama
Shakta-Agama,Shakta-Agama
Shruti,Shruti
Silpasaastra,Silpasaastra
Smaarta,Smaarta
Smriti,Smriti
Smrti,Smrti
Srauta-Sutra,Srauta-Sutra
Sruti,Sruti
Stotra,Stotra
Stotra-Tamil,Stotra
Tamil-Stotra,Stotra
Tantra,Tantra
17),Uncategorised
5-sarga),Uncategorised
Agnimukhapatalah,Uncategorised
Aranyaka,Uncategorised
Astraraajapratishthaa,Uncategorised
Baalaatrisatistotram.,Uncategorised
Bimbaagama,Uncategorised
Brahmapuraane,Uncategorised
Caamundaapratishthaa,Uncategorised
Dakshnaamurtipratishthaavidhih,Uncategorised
Darshana,Uncategorised
Devanagari,Uncategorised
Devataadhyaanaani,Uncategorised
Devi-ashtottarasatanaamaani,Uncategorised
Dhyaana,Uncategorised
Etuvenpaakkurippu-attavanai),Uncategorised
Gopuralakshanavidhipatalah,Uncategorised
Grantha,Uncategorised
Grantha&Tamil,Uncategorised
Grantha-&-Tamil,Uncategorised
Grihya-Sutra,Uncategorised
Jaatibhedavidhih,Uncategorised
Language,Uncategorised
Literature,Uncategorised
Maahaatmya,Uncategorised
Mahaabhishekapatalah,Uncategorised
Mantapapujaa,Uncategorised
Murtihomapatalah,Uncategorised
Na,Uncategorised
Naataka,Uncategorised
Nibandha,Uncategorised
Nirukta,Uncategorised
Nityaagnikaarya,Uncategorised
Pati.-Saktipatalaah,Uncategorised
Praakaaralakshanapatalah.,Uncategorised
Rauravaagamah,Uncategorised
Rig-Veda-Siksha,Uncategorised
Rudrabalividhih,Uncategorised
Saakta-Agama,Uncategorised
Saanti,Uncategorised
Sargah-40,Uncategorised
Siksha,Uncategorised
Smrti--and-Agama,Uncategorised
Smrti-Prayoga,Uncategorised
Smrti-prayoga,Uncategorised
Sodashaganapati,Uncategorised
Striparva)-Tikkana-saamayaaji,Uncategorised
Tamil,Uncategorised
Tamil),Uncategorised
Tamil-Grammar,Uncategorised
Tantra-Kalpa,Uncategorised
Tantra-Kriyaa,Uncategorised
Telugu,Uncategorised
Tulu,Uncategorised
Uncategorised,Uncategorised
Upaankaviyal,Uncategorised
Upanishad,Uncategorised
Uttarakaandam),Uncategorised
Vaishnavam,Uncategorised
Veda-Rudram,Uncategorised
Vishayaanandaaanaam-Upadesagranthavivaranam,Uncategorised
Vrata,Uncategorised
Yogajaagama,Uncategorised
Upanishads,Upanishads
Upaveda,Upaveda
Uttara-Miamansa,Uttara-Mimansa
Uttara-Mimansa,Uttara-Mimansa
Vaastu,Vaastu
Vaastusaastra,Vaastu
Vacana,Vacana
Vaidya,Vaidya
Vaishanava-Agama,Vaishanava-Agama
Vaishnava-Agama,Vaishanava-Agama
Vaishnava,Vaishnava
Gandharva-Veda,Veda
Veda,Veda
veda,Veda
VedaantaAdvaita,Veda
Vedas,Veda
Yajurveda,Veda
Vedanga,Vedanga
vedanga,Vedanga
Vedangas,Vedanga
vedangas,Vedanga
Vyaakarana,Vyaakarana
Vyakarana,Vyaakarana
Yantra,Yantra
Yoga,Yoga